province_id,province_name
1,河北
2,内蒙古
3,北京
4,天津
5,山西
6,河南
7,广东
8,湖北
9,广西
10,海南
11,湖南
12,辽宁
13,吉林
14,黑龙江
15,甘肃
16,新疆
17,陕西
18,宁夏
19,青海
20,四川
21,西藏
22,重庆
23,贵州
24,云南
25,福建
26,上海
27,浙江
28,安徽
29,江西
30,Jiangsu
31,山东
